<ImportExportXml version="9.2.21012.151" SolutionPackageVersion="9.2" languagecode="1033" generatedBy="CrmLive" xmlns:xsi="http://www.w3.org/2001/XMLSchema-instance">
  <SolutionManifest>
    <UniqueName>AddressValidationforDYN365</UniqueName>
    <LocalizedNames>
      <LocalizedName description="Address Validation for Dataverse" languagecode="1033" />
    </LocalizedNames>
    <Descriptions />
    <Version>2.5.0.5</Version>
    <Managed>0</Managed>
    <Publisher>
      <UniqueName>sadaxtechnology</UniqueName>
      <LocalizedNames>
        <LocalizedName description="SHARP XRM INFORMATION SYSTEMS" languagecode="1033" />
      </LocalizedNames>
      <Descriptions />
      <EMailAddress>support@sharpxrm.com</EMailAddress>
      <SupportingWebsiteUrl>http://www.sharpxrm.com</SupportingWebsiteUrl>
      <CustomizationPrefix>sharpxrm</CustomizationPrefix>
      <CustomizationOptionValuePrefix>22900</CustomizationOptionValuePrefix>
      <Addresses>
        <Address>
          <AddressNumber>1</AddressNumber>
          <AddressTypeCode>1</AddressTypeCode>
          <City>Montreal</City>
          <County xsi:nil="true"></County>
          <Country>Canada</Country>
          <Fax xsi:nil="true"></Fax>
          <FreightTermsCode xsi:nil="true"></FreightTermsCode>
          <ImportSequenceNumber xsi:nil="true"></ImportSequenceNumber>
          <Latitude xsi:nil="true"></Latitude>
          <Line1 xsi:nil="true"></Line1>
          <Line2 xsi:nil="true"></Line2>
          <Line3 xsi:nil="true"></Line3>
          <Longitude xsi:nil="true"></Longitude>
          <Name xsi:nil="true"></Name>
          <PostalCode xsi:nil="true"></PostalCode>
          <PostOfficeBox xsi:nil="true"></PostOfficeBox>
          <PrimaryContactName xsi:nil="true"></PrimaryContactName>
          <ShippingMethodCode>1</ShippingMethodCode>
          <StateOrProvince>QC</StateOrProvince>
          <Telephone1>+1 (514) 448 1513</Telephone1>
          <Telephone2 xsi:nil="true"></Telephone2>
          <Telephone3 xsi:nil="true"></Telephone3>
          <TimeZoneRuleVersionNumber xsi:nil="true"></TimeZoneRuleVersionNumber>
          <UPSZone xsi:nil="true"></UPSZone>
          <UTCOffset xsi:nil="true"></UTCOffset>
          <UTCConversionTimeZoneCode xsi:nil="true"></UTCConversionTimeZoneCode>
        </Address>
        <Address>
          <AddressNumber>2</AddressNumber>
          <AddressTypeCode>1</AddressTypeCode>
          <City xsi:nil="true"></City>
          <County xsi:nil="true"></County>
          <Country xsi:nil="true"></Country>
          <Fax xsi:nil="true"></Fax>
          <FreightTermsCode xsi:nil="true"></FreightTermsCode>
          <ImportSequenceNumber xsi:nil="true"></ImportSequenceNumber>
          <Latitude xsi:nil="true"></Latitude>
          <Line1 xsi:nil="true"></Line1>
          <Line2 xsi:nil="true"></Line2>
          <Line3 xsi:nil="true"></Line3>
          <Longitude xsi:nil="true"></Longitude>
          <Name xsi:nil="true"></Name>
          <PostalCode xsi:nil="true"></PostalCode>
          <PostOfficeBox xsi:nil="true"></PostOfficeBox>
          <PrimaryContactName xsi:nil="true"></PrimaryContactName>
          <ShippingMethodCode>1</ShippingMethodCode>
          <StateOrProvince xsi:nil="true"></StateOrProvince>
          <Telephone1 xsi:nil="true"></Telephone1>
          <Telephone2 xsi:nil="true"></Telephone2>
          <Telephone3 xsi:nil="true"></Telephone3>
          <TimeZoneRuleVersionNumber xsi:nil="true"></TimeZoneRuleVersionNumber>
          <UPSZone xsi:nil="true"></UPSZone>
          <UTCOffset xsi:nil="true"></UTCOffset>
          <UTCConversionTimeZoneCode xsi:nil="true"></UTCConversionTimeZoneCode>
        </Address>
      </Addresses>
    </Publisher>
    <RootComponents>
      <RootComponent type="1" schemaName="sharpxrm_addressvalidationfieldsconfig" behavior="0" />
      <RootComponent type="1" schemaName="sharpxrm_license" behavior="0" />
      <RootComponent type="1" schemaName="sharpxrm_sharpxrmconfiguration" behavior="0" />
      <RootComponent type="9" schemaName="sharpxrm_addressvalidationaddons" behavior="0" />
      <RootComponent type="9" schemaName="sharpxrm_countries" behavior="0" />
      <RootComponent type="9" schemaName="sharpxrm_personator_longaddressformat" behavior="0" />
      <RootComponent type="20" id="{24d2d452-b184-e611-80c7-000d3a113fb1}" behavior="0" />
      <RootComponent type="20" id="{65e38a26-fd0b-e711-80c0-00155da80a03}" behavior="0" />
      <RootComponent type="29" id="{05e7dbf1-7720-e711-80c0-00155da80a03}" behavior="0" />
      <RootComponent type="29" id="{308e733c-08ed-4891-a01c-a3647bbb21b5}" behavior="0" />
      <RootComponent type="29" id="{3b9c141a-5988-4876-b0e7-f5a4195c30ad}" behavior="0" />
      <RootComponent type="29" id="{4f76a909-f40b-e711-80c0-00155da80a03}" behavior="0" />
      <RootComponent type="29" id="{5098534e-391b-48f6-9ee5-154ab27594e6}" behavior="0" />
      <RootComponent type="29" id="{58059978-f50b-e711-80c0-00155da80a03}" behavior="0" />
      <RootComponent type="29" id="{5fe5632b-b90c-e711-80c0-00155da80a03}" behavior="0" />
      <RootComponent type="29" id="{87026252-01ea-4ab8-bd58-37ce6750214b}" behavior="0" />
      <RootComponent type="29" id="{a71ba045-7920-e711-80c0-00155da80a03}" behavior="0" />
      <RootComponent type="29" id="{abc3f3d6-db05-e811-80c3-00155da80a04}" behavior="0" />
      <RootComponent type="29" id="{ade747f6-d53b-e711-80c1-00155da80a04}" behavior="0" />
      <RootComponent type="29" id="{badd83ca-4e55-eb11-a812-000d3a996042}" behavior="0" />
      <RootComponent type="29" id="{fa03077d-376d-ea11-a811-000d3af3e51b}" behavior="0" />
      <RootComponent type="60" id="{0175f5b4-d2aa-45a9-b262-96ea87eb78b9}" behavior="0" />
      <RootComponent type="60" id="{108f861e-e957-4e7c-b5e5-17b76e00b3ba}" behavior="0" />
      <RootComponent type="60" id="{f6918303-0deb-49cb-990e-db3a0b759dd1}" behavior="0" />
      <RootComponent type="61" schemaName="sharpxrm_/images/app_illu.svg" behavior="0" />
      <RootComponent type="61" schemaName="sharpxrm_/images/connected_16.png" behavior="0" />
      <RootComponent type="61" schemaName="sharpxrm_/images/connected_16.svg" behavior="0" />
      <RootComponent type="61" schemaName="sharpxrm_/images/connected_32.png" behavior="0" />
      <RootComponent type="61" schemaName="sharpxrm_/images/disconnect_16.png" behavior="0" />
      <RootComponent type="61" schemaName="sharpxrm_/images/disconnect_16.svg" behavior="0" />
      <RootComponent type="61" schemaName="sharpxrm_/images/disconnect_32.png" behavior="0" />
      <RootComponent type="61" schemaName="sharpxrm_/images/update_16.png" behavior="0" />
      <RootComponent type="61" schemaName="sharpxrm_/images/update_16.svg" behavior="0" />
      <RootComponent type="61" schemaName="sharpxrm_/images/update_32.png" behavior="0" />
      <RootComponent type="61" schemaName="sharpxrm_/scripts/Configuration.js" behavior="0" />
      <RootComponent type="61" schemaName="sharpxrm_/scripts/License.js" behavior="0" />
      <RootComponent type="61" schemaName="sharpxrm_/sharpxrm/widgets/AddressValidation.html" behavior="0" />
      <RootComponent type="61" schemaName="sharpxrm_/sharpxrm/widgets/AutocompleteForm.html" behavior="0" />
      <RootComponent type="61" schemaName="sharpxrm_/sharpxrm/widgets/css/AddressValidation.css" behavior="0" />
      <RootComponent type="61" schemaName="sharpxrm_/sharpxrm/widgets/css/Autocomplete.css" behavior="0" />
      <RootComponent type="61" schemaName="sharpxrm_/sharpxrm/widgets/css/bootstrap.min.css" behavior="0" />
      <RootComponent type="61" schemaName="sharpxrm_/sharpxrm/widgets/css/fabric.min.css" behavior="0" />
      <RootComponent type="61" schemaName="sharpxrm_/sharpxrm/widgets/css/jqueryUI.css" behavior="0" />
      <RootComponent type="61" schemaName="sharpxrm_/sharpxrm/widgets/images/add.svg" behavior="0" />
      <RootComponent type="61" schemaName="sharpxrm_/sharpxrm/widgets/images/ajaxLoader.gif" behavior="0" />
      <RootComponent type="61" schemaName="sharpxrm_/sharpxrm/widgets/images/bluepin.png" behavior="0" />
      <RootComponent type="61" schemaName="sharpxrm_/sharpxrm/widgets/images/pin816.png" behavior="0" />
      <RootComponent type="61" schemaName="sharpxrm_/sharpxrm/widgets/images/settings.svg" behavior="0" />
      <RootComponent type="61" schemaName="sharpxrm_/sharpxrm/widgets/images/settings16.png" behavior="0" />
      <RootComponent type="61" schemaName="sharpxrm_/sharpxrm/widgets/images/settings32.png" behavior="0" />
      <RootComponent type="61" schemaName="sharpxrm_/sharpxrm/widgets/images/warn.png" behavior="0" />
      <RootComponent type="61" schemaName="sharpxrm_/sharpxrm/widgets/js/AddressUtilities.js" behavior="0" />
      <RootComponent type="61" schemaName="sharpxrm_/sharpxrm/widgets/js/AddressValidation.js" behavior="0" />
      <RootComponent type="61" schemaName="sharpxrm_/sharpxrm/widgets/js/Autocomplete.js" behavior="0" />
      <RootComponent type="61" schemaName="sharpxrm_/sharpxrm/widgets/js/BingMap.js" behavior="0" />
      <RootComponent type="61" schemaName="sharpxrm_/sharpxrm/widgets/js/bootstrap.min.js" behavior="0" />
      <RootComponent type="61" schemaName="sharpxrm_/sharpxrm/widgets/js/ButtonValidation.js" behavior="0" />
      <RootComponent type="61" schemaName="sharpxrm_/sharpxrm/widgets/js/CustomLanguageUtilities.js" behavior="0" />
      <RootComponent type="61" schemaName="sharpxrm_/sharpxrm/widgets/js/jquery.min.js" behavior="0" />
      <RootComponent type="61" schemaName="sharpxrm_/sharpxrm/widgets/js/jQueryUI.js" behavior="0" />
      <RootComponent type="61" schemaName="sharpxrm_/sharpxrm/widgets/js/JSON/Countries.js" behavior="0" />
      <RootComponent type="61" schemaName="sharpxrm_/sharpxrm/widgets/js/JSON/CustomLanguageOptionSet.js" behavior="0" />
      <RootComponent type="61" schemaName="sharpxrm_/sharpxrm/widgets/js/LoadEntityUtilities.js" behavior="0" />
      <RootComponent type="61" schemaName="sharpxrm_/sharpxrm/widgets/js/UIBlock.js" behavior="0" />
      <RootComponent type="61" schemaName="sharpxrm_/sharpxrm/widgets/PopUpAddressValidation.html" behavior="0" />
      <RootComponent type="61" schemaName="sharpxrm_/widgets/images/LogoSiteMap.png" behavior="0" />
      <RootComponent type="61" schemaName="sharpxrm_/widgets/images/register.png" behavior="0" />
      <RootComponent type="61" schemaName="sharpxrm_/widgets/images/settings16.png" behavior="0" />
      <RootComponent type="61" schemaName="sharpxrm_/widgets/images/settings32.png" behavior="0" />
      <RootComponent type="61" schemaName="sharpxrm_/widgets/images/unregister.png" behavior="0" />
      <RootComponent type="61" schemaName="sharpxrm_/widgets/js/jquery.min.js" behavior="0" />
      <RootComponent type="62" schemaName="sharpxrm_AddressValidation" behavior="0" />
      <RootComponent type="66" schemaName="sharpxrm_AzureMapsAutocomplete.Autocomplete" behavior="0" />
      <RootComponent type="66" schemaName="sharpxrm_BingAddressComplete.Autocomplete" behavior="0" />
      <RootComponent type="66" schemaName="sharpxrm_ExpressEntry.Autocomplete" behavior="0" />
      <RootComponent type="66" schemaName="sharpxrm_ExpressEntryCanadaPost.Autocomplete" behavior="0" />
      <RootComponent type="66" schemaName="sharpxrm_GoogleMapsAddressComplete.Autocomplete" behavior="0" />
      <RootComponent type="80" schemaName="sharpxrm_AddressValidation" behavior="0" />
      <RootComponent type="91" id="{b776360c-5bb3-e611-80c3-000d3a10ff35}" schemaName="SharpXrm.AddressValidate.CustomActivities, Version=1.0.4.2, Culture=neutral, PublicKeyToken=a7d5f6a88f2bfe4d" behavior="0" />
      <RootComponent type="91" id="{95a0b89e-9a0d-e711-80c0-00155da80a03}" schemaName="SharpXrm.AddressValidate.Plugins, Version=1.0.4.4, Culture=neutral, PublicKeyToken=f99f30c28ac3a0f1" behavior="0" />
      <RootComponent type="92" id="{0522a976-ee25-e711-80c0-00155da80a03}" behavior="0" />
      <RootComponent type="92" id="{5b2d34a2-248e-e611-80c3-000d3a10ff35}" behavior="0" />
      <RootComponent type="92" id="{6a1168df-a20d-e711-80c0-00155da80a03}" behavior="0" />
      <RootComponent type="92" id="{7b676e9b-248e-e611-80c3-000d3a10ff35}" behavior="0" />
    </RootComponents>
    <MissingDependencies />
  </SolutionManifest>
</ImportExportXml>