<manifest><control namespace="BingAddressComplete" constructor="Autocomplete" version="0.0.5" display-name-key="Sharp XRM - Bing Maps Autosuggest" description-key="Sharp XRM - Bing Maps Autosuggest" control-type="standard" api-version="1.2.1"><property name="apiConfigName" display-name-key="API Configuration Name" description-key="Sharp XRM API configuration name" of-type="SingleLine.Text" usage="input" required="true" /><property name="street" display-name-key="Street" description-key="Street" of-type="SingleLine.Text" usage="bound" required="true" /><property name="unitNumber" display-name-key="Unit number" description-key="Unit number" of-type="SingleLine.Text" usage="bound" /><property name="city" display-name-key="City" description-key="City" of-type="SingleLine.Text" usage="bound" required="true" /><property name="state" display-name-key="State" description-key="State" of-type="SingleLine.Text" usage="bound" required="true" /><property name="zip" display-name-key="Zip / Postal code" description-key="Zip / Postal code" of-type="SingleLine.Text" usage="bound" /><property name="country" display-name-key="Country" description-key="Country" of-type="SingleLine.Text" usage="bound" required="true" /><property name="county" display-name-key="County" description-key="County" of-type="SingleLine.Text" usage="bound" required="false" /><property name="fullAddress" display-name-key="Full address" description-key="Full address" of-type="SingleLine.Text" usage="bound" /><property name="latitude" display-name-key="Latitude" description-key="Latitude" of-type="FP" usage="bound" /><property name="longitude" display-name-key="Longitude" description-key="Longitude" of-type="FP" usage="bound" /><resources><code path="bundle.js" order="1" /></resources><feature-usage><uses-feature name="Utility" required="true" /><uses-feature name="WebAPI" required="true" /></feature-usage><built-by name="pac" version="1.1.6" /></control></manifest>